{
    "DNDConfig": null,
    "__parentReadjusting__": false,
    "_height_": {
        "type": "string",
        "value": "8%"
    },
    "_left_": {
        "type": "string",
        "value": "0%"
    },
    "_margin_": [
        0,
        0,
        0,
        0
    ],
    "_orientation_": 6,
    "_padding_": [
        0,
        0,
        0,
        0
    ],
    "_percent_": true,
    "_render_": true,
    "_skin_": "sef0704813154c9dbf7f1d592f524fdb",
    "_top_": {
        "type": "string",
        "value": "1%"
    },
    "_width_": {
        "type": "string",
        "value": "100%"
    },
    "allboxes": [],
    "allowhorizontalbounce": true,
    "allowverticalbounce": true,
    "android": {
        "render": true
    },
    "bounces": true,
    "canUpdateUI": true,
    "children": [
        "btnMove",
        "btnScale",
        "btnRotate"
    ],
    "clipbounds": true,
    "containerweight": 100,
    "decelerat": false,
    "dragg": false,
    "enablescrolling": true,
    "horizontalscrollindicator": true,
    "id": "flxAnimationOptions",
    "info": null,
    "iphone": {
        "render": true
    },
    "isvisible": true,
    "kuid": "519ad71ddd194ada84a82d435ce4a610",
    "layouttype": 3,
    "name": "kony.ui.FlexScrollContainer",
    "pagingenabled": false,
    "parent": "frmStart",
    "pf": "frmStart",
    "scrolldirection": 1,
    "snapgridsize": 10,
    "snaptogrid": true,
    "spaan": {
        "render": true
    },
    "spabb": {
        "render": false
    },
    "spaip": {
        "render": true
    },
    "spawinphone8": {
        "render": true
    },
    "track": false,
    "verticalscrollindicator": true,
    "wType": "FlexScrollContainer",
    "widgetalignment": 1,
    "winphone8": {
        "render": true
    },
    "zindex": 1
}