{
    "DNDConfig": null,
    "_margin_": [
        0,
        0,
        0,
        0
    ],
    "_padding_": [
        0,
        0,
        0,
        0
    ],
    "_skin_": "s6bf24463820440a8d29b1093ba3123e",
    "_title_": "",
    "allboxes": [],
    "allowhorizontalbounce": true,
    "allowverticalbounce": true,
    "android": {
        "@class": "com.kony.gen.viz.model.container.property.scrollflexform.AndroidScrollFlexFormProperty",
        "displayOrientation": 1,
        "footerOverlap": false,
        "headerOverlap": false,
        "inTransitionConfig": {
            "formAnimation": 0
        },
        "isModal": false,
        "menuPosition": 2,
        "needAppMenu": false,
        "outTransitionConfig": {
            "formAnimation": 0
        },
        "render": true
    },
    "bounces": true,
    "canUpdateUI": true,
    "centerx": "",
    "centery": "",
    "children": [
        "flxAnimationOptions",
        "segCars"
    ],
    "containerheightreference": 1,
    "containerweight": 100,
    "contentoffset": {},
    "contentsize": {},
    "currentLocale": null,
    "defaultunit": 3,
    "device": "iPhone6",
    "displayorientation": 1,
    "enabledforidletimeout": false,
    "enablescrolling": true,
    "footeroverlap": false,
    "headeroverlap": false,
    "horizontalscrollindicator": true,
    "id": "frmStart",
    "ide_init": "AS_Form_0ecf562dfb2541ea9029935b901f0bea",
    "iphone": {
        "@class": "com.kony.gen.viz.model.container.property.scrollflexform.IPhoneScrollFlexFormProperty",
        "displayOrientation": 1,
        "footerOverlap": false,
        "headerOverlap": false,
        "inTransitionConfig": {
            "transitionDirection": "none",
            "transitionEffect": "none"
        },
        "isModal": false,
        "needAppMenu": false,
        "outTransitionConfig": {
            "transitionDirection": "none",
            "transitionEffect": "none"
        },
        "psp": {
            "maxZoomScale": 1,
            "minZoomScale": 1,
            "titleBarConfig": {
                "buttonText": "Edit",
                "leftButtonText": "Back",
                "leftTitle": "Back",
                "prevFormTitle": false,
                "renderTitleText": true,
                "rightTitle": "Edit",
                "skinID": "slTitleBar",
                "titleBarLeftSideView": "button",
                "titleBarRightSideView": "button",
                "titleBarSkin": "slTitleBar",
                "visible": false
            },
            "zoomScale": 1
        },
        "render": true,
        "titleBar": false
    },
    "ismodal": false,
    "isvisible": true,
    "kuid": "p2kwiet19134457662",
    "layouttype": 4,
    "margininpixel": false,
    "menuposition": 2,
    "name": "kony.ui.Form2",
    "paddinginpixel": false,
    "pagingenabled": false,
    "platform": "iphone",
    "prevDevice": "GalaxyS5",
    "prevPlatform": "android",
    "retainscrollposition": true,
    "scrolldirection": 2,
    "shellCSS": "iOS_iPhone6",
    "spa": {
        "@class": "com.kony.gen.viz.model.container.property.scrollflexform.SPAScrollFlexFormProperty",
        "inTransitionConfig": {
            "formTransition": "none"
        },
        "isModal": false,
        "needAppMenu": false,
        "outTransitionConfig": {
            "formTransition": "none"
        }
    },
    "spaan": {
        "@class": "com.kony.gen.viz.model.container.property.scrollflexform.SPAAndroidScrollFlexFormProperty",
        "needAppMenu": false,
        "render": true
    },
    "spabb": {
        "@class": "com.kony.gen.viz.model.container.property.scrollflexform.SPABBScrollFlexFormProperty",
        "needAppMenu": false,
        "render": false
    },
    "spaip": {
        "@class": "com.kony.gen.viz.model.container.property.scrollflexform.SPAIPhoneScrollFlexFormProperty",
        "needAppMenu": false,
        "render": true
    },
    "spawinphone8": {
        "@class": "com.kony.gen.viz.model.container.property.scrollflexform.SPAWinPhone8ScrollFlexFormProperty",
        "needAppMenu": false,
        "render": true
    },
    "titleBarSkin": "s8a0c529ef394b53bac9836d8c9686f9",
    "titlebar": true,
    "transparencybehindthepopup": 100,
    "type": 3,
    "verticalscrollindicator": true,
    "wType": "Form",
    "widgetalignment": 1,
    "winphone8": {
        "@class": "com.kony.gen.viz.model.container.property.scrollflexform.WinPhone8ScrollFlexFormProperty",
        "displayOrientation": 1,
        "inTransitionConfig": {
            "transitionSpeed": 0
        },
        "needAppMenu": false,
        "outTransitionConfig": {
            "transitionSpeed": 0
        },
        "render": true
    },
    "zindex": 1
}