{
    "AS_Button_078e0e3e415944c1b39b66b868999034": {
        "id": "AS_Button_078e0e3e415944c1b39b66b868999034",
        "type": "ACTION_SEQUENCE",
        "params": [{
            "datatype": "collection",
            "name": "eventobject"
        }],
        "contextObj": {
            "name": "frmStart",
            "type": "forms",
            "platform": "",
            "KUID": "p2kwiet19134457662"
        },
        "actions": [{
            "id": "ADD_SNIPPET__67373f5ee5bd45d9b58c7054b9f4d35c",
            "type": "ADD_SNIPPET",
            "codeSnippet": "setAnimation(\"translate\")",
            "parentId": null,
            "callbackType": null
        }]
    }
}