{
    "AS_Button_b441c7e79fec4798a19a8beee7404fc0": {
        "id": "AS_Button_b441c7e79fec4798a19a8beee7404fc0",
        "type": "ACTION_SEQUENCE",
        "params": [{
            "datatype": "collection",
            "name": "eventobject"
        }],
        "contextObj": {
            "name": "frmStart",
            "type": "forms",
            "platform": "",
            "KUID": "p2kwiet19134457662"
        },
        "actions": [{
            "id": "ADD_SNIPPET_ide_onClick_3786e1240e444d669aa37e73e150275c",
            "type": "ADD_SNIPPET",
            "codeSnippet": "setOperations(\"Add\");",
            "callbackType": null
        }]
    }
}