{
    "AS_Button_d8ee658fa91542558a23fbfb29ceddd5": {
        "id": "AS_Button_d8ee658fa91542558a23fbfb29ceddd5",
        "type": "ACTION_SEQUENCE",
        "params": [{
            "datatype": "collection",
            "name": "eventobject"
        }],
        "contextObj": {
            "name": "frmStart",
            "type": "forms",
            "platform": "",
            "KUID": "p2kwiet19134457662"
        },
        "actions": [{
            "id": "ADD_SNIPPET__83d2d8cc4bbc41ceb8c6deafd44b5e56",
            "type": "ADD_SNIPPET",
            "codeSnippet": "setAnimation(\"rotate\");",
            "parentId": null,
            "callbackType": null
        }]
    }
}