{
    "AS_Button_68a5ac27529646d6bea90ccf4410b3f6": {
        "id": "AS_Button_68a5ac27529646d6bea90ccf4410b3f6",
        "type": "ACTION_SEQUENCE",
        "params": [{
            "datatype": "collection",
            "name": "eventobject"
        }],
        "actions": [{
            "id": "ADD_SNIPPET_ide_onClick_eeedc706c98a4560bed2c44755969efa",
            "type": "ADD_SNIPPET",
            "codeSnippet": "setAnimation(\"translate\")\n",
            "callbackType": null
        }]
    }
}