{
    "AS_Segment_5aefbb9fae4341e48cd483682b9d6fad": {
        "id": "AS_Segment_5aefbb9fae4341e48cd483682b9d6fad",
        "type": "ACTION_SEQUENCE",
        "params": [{
            "datatype": "collection",
            "name": "eventobject"
        }, {
            "datatype": "number",
            "name": "sectionNumber"
        }, {
            "datatype": "number",
            "name": "rowNumber"
        }],
        "contextObj": {
            "name": "frmStart",
            "type": "forms",
            "platform": "",
            "KUID": "p2kwiet19134457662"
        },
        "actions": []
    }
}