{
    "@class": "com.kony.gen.viz.model.component.KVizButton",
    "DNDConfig": null,
    "__parentReadjusting__": false,
    "_height_": {
        "type": "string",
        "value": "30%"
    },
    "_left_": {
        "type": "string",
        "value": "100%"
    },
    "_margin_": [
        6,
        6,
        6,
        6
    ],
    "_padding_": [
        0,
        0,
        0,
        0
    ],
    "_skin_": "s28f60c6f2544ba4b55e2cf06b013696",
    "_text_": "Button",
    "_width_": {
        "type": "string",
        "value": "30%"
    },
    "canUpdateUI": true,
    "centery": {
        "type": "string",
        "value": "60%"
    },
    "containerId": true,
    "containerweight": 100,
    "contentalignment": 5,
    "displaytext": true,
    "focusskin": "s5c100ea4da54750b78e0eba4ba56672",
    "id": "btnDelete",
    "ide_onClick": "AS_Button_b222292d25f7451a8743c87802dec59d",
    "info": null,
    "isSegmentChild": false,
    "isvisible": true,
    "kuid": "40893e5b68004383b8c79d7027d02b2f",
    "name": "kony.ui.Button",
    "parent": "flexCars",
    "pf": "segTemplate",
    "wType": "Button",
    "zindex": 1
}