{
    "DNDConfig": null,
    "_height_": {
        "type": "string",
        "value": "25%"
    },
    "_margin_": [
        0,
        0,
        0,
        0
    ],
    "_padding_": [
        0,
        0,
        0,
        0
    ],
    "_skin_": "s98f64b9799c4e1ca2936321ed5effd7",
    "allboxes": [],
    "android": {
        "@class": "com.kony.gen.viz.model.container.property.flex.AndroidFlexProperty",
        "_render_": true,
        "render": true
    },
    "autogrowmode": 0,
    "canUpdateUI": true,
    "children": [
        "imgCar",
        "lblCarBrand",
        "btnDelete"
    ],
    "clipbounds": true,
    "containerId": true,
    "containerweight": 100,
    "defaultunit": 2,
    "focusskin": "s98f64b9799c4e1ca2936321ed5effd7",
    "id": "flexCars",
    "iphone": {
        "@class": "com.kony.gen.viz.model.container.property.flex.IPhoneFlexProperty",
        "_render_": true,
        "render": true
    },
    "isSegmentChild": false,
    "isTemplate": true,
    "isvisible": true,
    "kuid": "p2kwiet19134457666",
    "layouttype": 2,
    "margininpixel": false,
    "name": "kony.ui.FlexContainer",
    "paddinginpixel": false,
    "parent": "segTemplate",
    "pf": "segTemplate",
    "spa": {
        "@class": "com.kony.gen.viz.model.container.property.flex.SPAFlexProperty"
    },
    "spaan": {
        "@class": "com.kony.gen.viz.model.container.property.flex.SPAAndroidFlexProperty",
        "_render_": true,
        "render": true
    },
    "spabb": {
        "@class": "com.kony.gen.viz.model.container.property.flex.SPABBFlexProperty",
        "_render_": false,
        "render": false
    },
    "spaip": {
        "@class": "com.kony.gen.viz.model.container.property.flex.SPAIPhoneFlexProperty",
        "_render_": true,
        "render": true
    },
    "spawinphone8": {
        "@class": "com.kony.gen.viz.model.container.property.flex.SPAWinPhone8FlexProperty",
        "_render_": true,
        "render": true
    },
    "wType": "FlexContainer",
    "widgetalignment": 1,
    "winphone8": {
        "@class": "com.kony.gen.viz.model.container.property.flex.WinPhone8FlexProperty",
        "_render_": true,
        "render": true
    },
    "zindex": 1
}