{
    "DNDConfig": null,
    "__parentReadjusting__": false,
    "_base64_": null,
    "_height_": {
        "type": "string",
        "value": "75%"
    },
    "_left_": {
        "type": "string",
        "value": "12%"
    },
    "_margin_": [
        0,
        0,
        0,
        0
    ],
    "_padding_": [
        0,
        0,
        0,
        0
    ],
    "_skin_": "s8b4fb4d7c654648b021685bc9f230f9",
    "_src_": "imagedrag.png",
    "_text_": "imagedrag.png",
    "_width_": {
        "type": "string",
        "value": "40%"
    },
    "android": {
        "@class": "com.kony.gen.viz.model.component.property.image2.AndroidImage2Property",
        "render": true
    },
    "canUpdateUI": true,
    "centery": {
        "type": "string",
        "value": "50%"
    },
    "containerId": true,
    "containerweight": 100,
    "contentalignment": 5,
    "context": {
        "channel": "mobile",
        "platform": "iphone",
        "templateType": "segments",
        "topLevelBox": null
    },
    "enabled": false,
    "hexpand": false,
    "id": "imgCar",
    "imagescalemode": 1,
    "info": null,
    "iphone": {
        "@class": "com.kony.gen.viz.model.component.property.image2.IPhoneImage2Property",
        "psp": {
            "glossyEffect": 0
        },
        "render": true
    },
    "isSegmentChild": false,
    "isvisible": true,
    "kuid": "p2kwiet19134457664",
    "margininpixel": false,
    "name": "kony.ui.Image2",
    "paddinginpixel": false,
    "parent": "flexCars",
    "pf": "segTemplate",
    "spa": {
        "@class": "com.kony.gen.viz.model.component.property.image2.SPAImage2Property"
    },
    "spaan": {
        "@class": "com.kony.gen.viz.model.component.property.image2.SPAAndroidImage2Property",
        "render": true
    },
    "spabb": {
        "@class": "com.kony.gen.viz.model.component.property.image2.SPABBImage2Property",
        "render": false
    },
    "spaip": {
        "@class": "com.kony.gen.viz.model.component.property.image2.SPAIPhoneImage2Property",
        "render": true
    },
    "spawinphone8": {
        "@class": "com.kony.gen.viz.model.component.property.image2.SPAWinPhone8Image2Property",
        "render": true
    },
    "srcType": 1,
    "vexpand": false,
    "wType": "Image",
    "widgetalignment": 5,
    "winphone8": {
        "@class": "com.kony.gen.viz.model.component.property.image2.WinPhone8Image2Property",
        "render": true
    },
    "zindex": 1
}