{
    "DNDConfig": null,
    "__parentReadjusting__": false,
    "_height_": {
        "type": "ref",
        "value": "preferred"
    },
    "_left_": {
        "type": "string",
        "value": "65%"
    },
    "_margin_": [
        1,
        1,
        1,
        1
    ],
    "_padding_": [
        0,
        0,
        0,
        0
    ],
    "_skin_": "s1902c47bc754e5c8463d636fd89ff36",
    "_text_": "Label",
    "_width_": {
        "type": "ref",
        "value": "preferred"
    },
    "_wrapping_": 2,
    "android": {
        "@class": "com.kony.gen.viz.model.component.property.label.AndroidLabelProperty",
        "psp": {
            "textCopyable": false
        },
        "render": true
    },
    "canUpdateUI": true,
    "centery": {
        "type": "string",
        "value": "50%"
    },
    "containerId": true,
    "containerweight": 100,
    "contentalignment": 5,
    "enabled": false,
    "hexpand": true,
    "id": "lblCarBrand",
    "info": null,
    "iphone": {
        "@class": "com.kony.gen.viz.model.component.property.label.IPhoneLabelProperty",
        "psp": {
            "pasteboardType": 2,
            "textCopyable": false,
            "wrapping": 2
        },
        "render": true
    },
    "isSegmentChild": false,
    "isvisible": true,
    "kuid": "p2kwiet19134457665",
    "margininpixel": false,
    "name": "kony.ui.Label",
    "paddinginpixel": false,
    "parent": "flexCars",
    "pf": "segTemplate",
    "spa": {
        "@class": "com.kony.gen.viz.model.component.property.label.SPALabelProperty",
        "psp": {
            "textCopyable": false
        }
    },
    "spaan": {
        "@class": "com.kony.gen.viz.model.component.property.label.SPAAndroidLabelProperty",
        "render": true
    },
    "spabb": {
        "@class": "com.kony.gen.viz.model.component.property.label.SPABBLabelProperty",
        "render": false
    },
    "spaip": {
        "@class": "com.kony.gen.viz.model.component.property.label.SPAIPhoneLabelProperty",
        "render": true
    },
    "spawinphone8": {
        "@class": "com.kony.gen.viz.model.component.property.label.SPAWinPhone8LabelProperty",
        "render": true
    },
    "tooltip": "",
    "vexpand": false,
    "wType": "Label",
    "widgetalignment": 5,
    "winphone8": {
        "@class": "com.kony.gen.viz.model.component.property.label.WinPhone8LabelProperty",
        "render": true
    },
    "zindex": 1
}