{
    "@class": "com.kony.gen.viz.model.container.KVizScrollFlexForm",
    "DNDConfig": null,
    "_margin_": [
        0,
        0,
        0,
        0
    ],
    "_padding_": [
        0,
        0,
        0,
        0
    ],
    "_skin_": "s6bf24463820440a8d29b1093ba3123e",
    "_title_": "",
    "allboxes": [],
    "allowhorizontalbounce": true,
    "allowverticalbounce": true,
    "android": {
        "@class": "com.kony.gen.viz.model.container.property.scrollflexform.AndroidScrollFlexFormProperty",
        "displayOrientation": 3,
        "footerOverlap": false,
        "headerOverlap": false,
        "inTransitionConfig": {
            "formAnimation": 0
        },
        "isModal": false,
        "menuPosition": 2,
        "needAppMenu": true,
        "outTransitionConfig": {
            "formAnimation": 0
        },
        "render": true
    },
    "bounces": true,
    "canUpdateUI": true,
    "centerx": "",
    "centery": "",
    "children": [
        "flexCars"
    ],
    "containerId": true,
    "containerheightreference": 1,
    "containerweight": 100,
    "contentoffset": {},
    "contentsize": {},
    "currentLocale": null,
    "defaultunit": 2,
    "device": "iPhone6",
    "displayorientation": 3,
    "enabledforidletimeout": false,
    "enablescrolling": true,
    "footeroverlap": false,
    "headeroverlap": false,
    "horizontalscrollindicator": true,
    "id": "segTemplate",
    "iphone": {
        "@class": "com.kony.gen.viz.model.container.property.scrollflexform.IPhoneScrollFlexFormProperty",
        "displayOrientation": 3,
        "footerOverlap": false,
        "headerOverlap": false,
        "inTransitionConfig": {
            "transitionDirection": "none",
            "transitionEffect": "none"
        },
        "isModal": false,
        "needAppMenu": true,
        "outTransitionConfig": {
            "transitionDirection": "none",
            "transitionEffect": "none"
        },
        "psp": {
            "maxZoomScale": 1,
            "minZoomScale": 1,
            "zoomScale": 1
        },
        "render": true
    },
    "ismodal": false,
    "isvisible": true,
    "kuid": "p2kwiet19134457667",
    "margininpixel": false,
    "menuposition": 2,
    "name": "kony.ui.Form2",
    "paddinginpixel": false,
    "pagingenabled": false,
    "platform": "iphone",
    "prevDevice": "iPhone6",
    "prevPlatform": "iphone",
    "retainscrollposition": false,
    "scrolldirection": 2,
    "shellCSS": "iOS_iPhone6",
    "spa": {
        "@class": "com.kony.gen.viz.model.container.property.scrollflexform.SPAScrollFlexFormProperty",
        "inTransitionConfig": {
            "formTransition": "none"
        },
        "isModal": false,
        "needAppMenu": false,
        "outTransitionConfig": {
            "formTransition": "none"
        }
    },
    "spaan": {
        "@class": "com.kony.gen.viz.model.container.property.scrollflexform.SPAAndroidScrollFlexFormProperty",
        "needAppMenu": true,
        "render": true
    },
    "spabb": {
        "@class": "com.kony.gen.viz.model.container.property.scrollflexform.SPABBScrollFlexFormProperty",
        "needAppMenu": true,
        "render": true
    },
    "spaip": {
        "@class": "com.kony.gen.viz.model.container.property.scrollflexform.SPAIPhoneScrollFlexFormProperty",
        "needAppMenu": true,
        "render": true
    },
    "spawinphone8": {
        "@class": "com.kony.gen.viz.model.container.property.scrollflexform.SPAWinPhone8ScrollFlexFormProperty",
        "needAppMenu": true,
        "render": true
    },
    "titleBarSkin": "s07b443d25c94200aa34eb6555f4c468",
    "titlebar": true,
    "transparencybehindthepopup": 100,
    "type": 3,
    "verticalscrollindicator": true,
    "wType": "Form",
    "widgetalignment": 1,
    "winphone8": {
        "@class": "com.kony.gen.viz.model.container.property.scrollflexform.WinPhone8ScrollFlexFormProperty",
        "displayOrientation": 3,
        "inTransitionConfig": {
            "transitionSpeed": 0
        },
        "needAppMenu": true,
        "outTransitionConfig": {
            "transitionSpeed": 0
        },
        "render": true
    },
    "zindex": 1
}