{"splashScreen":{"mobile":{"iphone":{"showLoadingIndicator":true,"videoInterruptible":false,"animationDuration":10},"android":{"showLoadingIndicator":true,"videoInterruptible":false,"animationDuration":10,"backgroundColor":"ffffff"},"winphone8":{"showLoadingIndicator":true},"spa":{"backgroundColor":"ffffff"},"spaip":{},"spaan":{},"spawinphone8":{}},"tablet":{"ipad":{"landscape":{"videoInterruptible":false,"animationDuration":10},"showLoadingIndicator":true,"videoInterruptible":false,"animationDuration":10},"android":{"showLoadingIndicator":true,"videoInterruptible":false,"animationDuration":10,"backgroundColor":"ffffff"},"windows8":{"showLoadingIndicator":true,"foregroundColor":"ffffff","backgroundColor":"ffffff"},"spa":{"backgroundColor":"ffffff"},"spaipad":{},"spaandroidtablet":{},"spawindowstablet":{}},"desktop":{"desktopweb":{"backgroundColor":"ffffff"}}}}