{
    "applicableblockedUIWidget": "Button",
    "background_color": "00000000",
    "background_style": "vg",
    "bg_type": "one",
    "blockedimgURL": "",
    "border_color": "424242ff",
    "border_radius": 0,
    "border_style": "plain",
    "border_type": 0,
    "border_width": 0,
    "bottom_left_border_color": "000000ff",
    "bottom_left_border_radius": 10,
    "bottom_left_border_width": 0,
    "bottom_right_border_color": "000000ff",
    "bottom_right_border_radius": 10,
    "bottom_right_border_width": 0,
    "font_color": "424242ff",
    "font_size": 200,
    "font_style": "normal",
    "font_weight": "normal",
    "gridLineColor": "0000000",
    "id": "CopyslLabel094761f3b02e744",
    "isForked": false,
    "kuid": "s1902c47bc754e5c8463d636fd89ff36",
    "shadow": {
        "br": 0,
        "color": "000000",
        "inner": false,
        "x": 0,
        "y": 0
    },
    "text_shadow": {
        "br": 0,
        "color": "000000",
        "x": 0,
        "y": 0
    },
    "top_left_border_color": "000000ff",
    "top_left_border_radius": 10,
    "top_left_border_width": 0,
    "top_right_border_color": "000000ff",
    "top_right_border_radius": 10,
    "top_right_border_width": 0,
    "use_native": "false",
    "vizChannel": "default",
    "wType": "Label"
}